<soapenv:Envelope xmlns:soapenv="http://schemas.xmlsoap.org/soap/envelope/"><soapenv:Header/><soapenv:Body><rate:RateResponse xmlns:rate="http://www.ups.com/XMLSchema/XOLTWS/Rate/v1.1"><common:Response xmlns:common="http://www.ups.com/XMLSchema/XOLTWS/Common/v1.0"><common:ResponseStatus><common:Code>1</common:Code><common:Description>Success</common:Description></common:ResponseStatus><common:Alert><common:Code>110971</common:Code><common:Description>Your invoice may vary from the displayed reference rates</common:Description></common:Alert><common:TransactionReference/></common:Response><rate:RatedShipment><rate:Service><rate:Code>01</rate:Code><rate:Description/></rate:Service><rate:RatedShipmentAlert><rate:Code>110971</rate:Code><rate:Description>Your invoice may vary from the displayed reference rates</rate:Description></rate:RatedShipmentAlert><rate:BillingWeight><rate:UnitOfMeasurement><rate:Code>LBS</rate:Code><rate:Description>Pounds</rate:Description></rate:UnitOfMeasurement><rate:Weight>50.0</rate:Weight></rate:BillingWeight><rate:TransportationCharges><rate:CurrencyCode>USD</rate:CurrencyCode><rate:MonetaryValue>125.77</rate:MonetaryValue></rate:TransportationCharges><rate:ServiceOptionsCharges><rate:CurrencyCode>USD</rate:CurrencyCode><rate:MonetaryValue>0.00</rate:MonetaryValue></rate:ServiceOptionsCharges><rate:TotalCharges><rate:CurrencyCode>USD</rate:CurrencyCode><rate:MonetaryValue>125.77</rate:MonetaryValue></rate:TotalCharges><rate:NegotiatedRateCharges><rate:TotalCharge><rate:CurrencyCode>USD</rate:CurrencyCode><rate:MonetaryValue>68.81</rate:MonetaryValue></rate:TotalCharge></rate:NegotiatedRateCharges><rate:GuaranteedDelivery><rate:BusinessDaysInTransit>1</rate:BusinessDaysInTransit><rate:DeliveryByTime>10:30 A.M.</rate:DeliveryByTime></rate:GuaranteedDelivery><rate:RatedPackage><rate:TransportationCharges><rate:CurrencyCode>USD</rate:CurrencyCode><rate:MonetaryValue>125.77</rate:MonetaryValue></rate:TransportationCharges><rate:ServiceOptionsCharges><rate:CurrencyCode>USD</rate:CurrencyCode><rate:MonetaryValue>0.00</rate:MonetaryValue></rate:ServiceOptionsCharges><rate:TotalCharges><rate:CurrencyCode>USD</rate:CurrencyCode><rate:MonetaryValue>125.77</rate:MonetaryValue></rate:TotalCharges><rate:Weight>50.0</rate:Weight><rate:BillingWeight><rate:UnitOfMeasurement><rate:Code>LBS</rate:Code><rate:Description>Pounds</rate:Description></rate:UnitOfMeasurement><rate:Weight>50.0</rate:Weight></rate:BillingWeight></rate:RatedPackage></rate:RatedShipment><rate:RatedShipment><rate:Service><rate:Code>14</rate:Code><rate:Description/></rate:Service><rate:RatedShipmentAlert><rate:Code>110971</rate:Code><rate:Description>Your invoice may vary from the displayed reference rates</rate:Description></rate:RatedShipmentAlert><rate:BillingWeight><rate:UnitOfMeasurement><rate:Code>LBS</rate:Code><rate:Description>Pounds</rate:Description></rate:UnitOfMeasurement><rate:Weight>50.0</rate:Weight></rate:BillingWeight><rate:TransportationCharges><rate:CurrencyCode>USD</rate:CurrencyCode><rate:MonetaryValue>156.74</rate:MonetaryValue></rate:TransportationCharges><rate:ServiceOptionsCharges><rate:CurrencyCode>USD</rate:CurrencyCode><rate:MonetaryValue>0.00</rate:MonetaryValue></rate:ServiceOptionsCharges><rate:TotalCharges><rate:CurrencyCode>USD</rate:CurrencyCode><rate:MonetaryValue>156.74</rate:MonetaryValue></rate:TotalCharges><rate:NegotiatedRateCharges><rate:TotalCharge><rate:CurrencyCode>USD</rate:CurrencyCode><rate:MonetaryValue>155.52</rate:MonetaryValue></rate:TotalCharge></rate:NegotiatedRateCharges><rate:GuaranteedDelivery><rate:BusinessDaysInTransit>1</rate:BusinessDaysInTransit><rate:DeliveryByTime>8:00 A.M.</rate:DeliveryByTime></rate:GuaranteedDelivery><rate:RatedPackage><rate:TransportationCharges><rate:CurrencyCode>USD</rate:CurrencyCode><rate:MonetaryValue>156.74</rate:MonetaryValue></rate:TransportationCharges><rate:ServiceOptionsCharges><rate:CurrencyCode>USD</rate:CurrencyCode><rate:MonetaryValue>0.00</rate:MonetaryValue></rate:ServiceOptionsCharges><rate:TotalCharges><rate:CurrencyCode>USD</rate:CurrencyCode><rate:MonetaryValue>156.74</rate:MonetaryValue></rate:TotalCharges><rate:Weight>50.0</rate:Weight><rate:BillingWeight><rate:UnitOfMeasurement><rate:Code>LBS</rate:Code><rate:Description>Pounds</rate:Description></rate:UnitOfMeasurement><rate:Weight>50.0</rate:Weight></rate:BillingWeight></rate:RatedPackage></rate:RatedShipment><rate:RatedShipment><rate:Service><rate:Code>13</rate:Code><rate:Description/></rate:Service><rate:RatedShipmentAlert><rate:Code>110971</rate:Code><rate:Description>Your invoice may vary from the displayed reference rates</rate:Description></rate:RatedShipmentAlert><rate:BillingWeight><rate:UnitOfMeasurement><rate:Code>LBS</rate:Code><rate:Description>Pounds</rate:Description></rate:UnitOfMeasurement><rate:Weight>50.0</rate:Weight></rate:BillingWeight><rate:TransportationCharges><rate:CurrencyCode>USD</rate:CurrencyCode><rate:MonetaryValue>117.20</rate:MonetaryValue></rate:TransportationCharges><rate:ServiceOptionsCharges><rate:CurrencyCode>USD</rate:CurrencyCode><rate:MonetaryValue>0.00</rate:MonetaryValue></rate:ServiceOptionsCharges><rate:TotalCharges><rate:CurrencyCode>USD</rate:CurrencyCode><rate:MonetaryValue>117.20</rate:MonetaryValue></rate:TotalCharges><rate:NegotiatedRateCharges><rate:TotalCharge><rate:CurrencyCode>USD</rate:CurrencyCode><rate:MonetaryValue>64.19</rate:MonetaryValue></rate:TotalCharge></rate:NegotiatedRateCharges><rate:GuaranteedDelivery><rate:BusinessDaysInTransit>1</rate:BusinessDaysInTransit></rate:GuaranteedDelivery><rate:RatedPackage><rate:TransportationCharges><rate:CurrencyCode>USD</rate:CurrencyCode><rate:MonetaryValue>117.20</rate:MonetaryValue></rate:TransportationCharges><rate:ServiceOptionsCharges><rate:CurrencyCode>USD</rate:CurrencyCode><rate:MonetaryValue>0.00</rate:MonetaryValue></rate:ServiceOptionsCharges><rate:TotalCharges><rate:CurrencyCode>USD</rate:CurrencyCode><rate:MonetaryValue>117.20</rate:MonetaryValue></rate:TotalCharges><rate:Weight>50.0</rate:Weight><rate:BillingWeight><rate:UnitOfMeasurement><rate:Code>LBS</rate:Code><rate:Description>Pounds</rate:Description></rate:UnitOfMeasurement><rate:Weight>50.0</rate:Weight></rate:BillingWeight></rate:RatedPackage></rate:RatedShipment><rate:RatedShipment><rate:Service><rate:Code>02</rate:Code><rate:Description/></rate:Service><rate:RatedShipmentAlert><rate:Code>110971</rate:Code><rate:Description>Your invoice may vary from the displayed reference rates</rate:Description></rate:RatedShipmentAlert><rate:BillingWeight><rate:UnitOfMeasurement><rate:Code>LBS</rate:Code><rate:Description>Pounds</rate:Description></rate:UnitOfMeasurement><rate:Weight>50.0</rate:Weight></rate:BillingWeight><rate:TransportationCharges><rate:CurrencyCode>USD</rate:CurrencyCode><rate:MonetaryValue>85.71</rate:MonetaryValue></rate:TransportationCharges><rate:ServiceOptionsCharges><rate:CurrencyCode>USD</rate:CurrencyCode><rate:MonetaryValue>0.00</rate:MonetaryValue></rate:ServiceOptionsCharges><rate:TotalCharges><rate:CurrencyCode>USD</rate:CurrencyCode><rate:MonetaryValue>85.71</rate:MonetaryValue></rate:TotalCharges><rate:NegotiatedRateCharges><rate:TotalCharge><rate:CurrencyCode>USD</rate:CurrencyCode><rate:MonetaryValue>50.45</rate:MonetaryValue></rate:TotalCharge></rate:NegotiatedRateCharges><rate:GuaranteedDelivery><rate:BusinessDaysInTransit>2</rate:BusinessDaysInTransit></rate:GuaranteedDelivery><rate:RatedPackage><rate:TransportationCharges><rate:CurrencyCode>USD</rate:CurrencyCode><rate:MonetaryValue>85.71</rate:MonetaryValue></rate:TransportationCharges><rate:ServiceOptionsCharges><rate:CurrencyCode>USD</rate:CurrencyCode><rate:MonetaryValue>0.00</rate:MonetaryValue></rate:ServiceOptionsCharges><rate:TotalCharges><rate:CurrencyCode>USD</rate:CurrencyCode><rate:MonetaryValue>85.71</rate:MonetaryValue></rate:TotalCharges><rate:Weight>50.0</rate:Weight><rate:BillingWeight><rate:UnitOfMeasurement><rate:Code>LBS</rate:Code><rate:Description>Pounds</rate:Description></rate:UnitOfMeasurement><rate:Weight>50.0</rate:Weight></rate:BillingWeight></rate:RatedPackage></rate:RatedShipment><rate:RatedShipment><rate:Service><rate:Code>12</rate:Code><rate:Description/></rate:Service><rate:RatedShipmentAlert><rate:Code>110971</rate:Code><rate:Description>Your invoice may vary from the displayed reference rates</rate:Description></rate:RatedShipmentAlert><rate:BillingWeight><rate:UnitOfMeasurement><rate:Code>LBS</rate:Code><rate:Description>Pounds</rate:Description></rate:UnitOfMeasurement><rate:Weight>50.0</rate:Weight></rate:BillingWeight><rate:TransportationCharges><rate:CurrencyCode>USD</rate:CurrencyCode><rate:MonetaryValue>59.07</rate:MonetaryValue></rate:TransportationCharges><rate:ServiceOptionsCharges><rate:CurrencyCode>USD</rate:CurrencyCode><rate:MonetaryValue>0.00</rate:MonetaryValue></rate:ServiceOptionsCharges><rate:TotalCharges><rate:CurrencyCode>USD</rate:CurrencyCode><rate:MonetaryValue>59.07</rate:MonetaryValue></rate:TotalCharges><rate:NegotiatedRateCharges><rate:TotalCharge><rate:CurrencyCode>USD</rate:CurrencyCode><rate:MonetaryValue>35.02</rate:MonetaryValue></rate:TotalCharge></rate:NegotiatedRateCharges><rate:GuaranteedDelivery><rate:BusinessDaysInTransit>3</rate:BusinessDaysInTransit></rate:GuaranteedDelivery><rate:RatedPackage><rate:TransportationCharges><rate:CurrencyCode>USD</rate:CurrencyCode><rate:MonetaryValue>59.07</rate:MonetaryValue></rate:TransportationCharges><rate:ServiceOptionsCharges><rate:CurrencyCode>USD</rate:CurrencyCode><rate:MonetaryValue>0.00</rate:MonetaryValue></rate:ServiceOptionsCharges><rate:TotalCharges><rate:CurrencyCode>USD</rate:CurrencyCode><rate:MonetaryValue>59.07</rate:MonetaryValue></rate:TotalCharges><rate:Weight>50.0</rate:Weight><rate:BillingWeight><rate:UnitOfMeasurement><rate:Code>LBS</rate:Code><rate:Description>Pounds</rate:Description></rate:UnitOfMeasurement><rate:Weight>50.0</rate:Weight></rate:BillingWeight></rate:RatedPackage></rate:RatedShipment><rate:RatedShipment><rate:Service><rate:Code>03</rate:Code><rate:Description/></rate:Service><rate:RatedShipmentAlert><rate:Code>110971</rate:Code><rate:Description>Your invoice may vary from the displayed reference rates</rate:Description></rate:RatedShipmentAlert><rate:BillingWeight><rate:UnitOfMeasurement><rate:Code>LBS</rate:Code><rate:Description>Pounds</rate:Description></rate:UnitOfMeasurement><rate:Weight>50.0</rate:Weight></rate:BillingWeight><rate:TransportationCharges><rate:CurrencyCode>USD</rate:CurrencyCode><rate:MonetaryValue>26.38</rate:MonetaryValue></rate:TransportationCharges><rate:ServiceOptionsCharges><rate:CurrencyCode>USD</rate:CurrencyCode><rate:MonetaryValue>0.00</rate:MonetaryValue></rate:ServiceOptionsCharges><rate:TotalCharges><rate:CurrencyCode>USD</rate:CurrencyCode><rate:MonetaryValue>26.38</rate:MonetaryValue></rate:TotalCharges><rate:NegotiatedRateCharges><rate:TotalCharge><rate:CurrencyCode>USD</rate:CurrencyCode><rate:MonetaryValue>16.92</rate:MonetaryValue></rate:TotalCharge></rate:NegotiatedRateCharges><rate:RatedPackage><rate:TransportationCharges><rate:CurrencyCode>USD</rate:CurrencyCode><rate:MonetaryValue>26.38</rate:MonetaryValue></rate:TransportationCharges><rate:ServiceOptionsCharges><rate:CurrencyCode>USD</rate:CurrencyCode><rate:MonetaryValue>0.00</rate:MonetaryValue></rate:ServiceOptionsCharges><rate:TotalCharges><rate:CurrencyCode>USD</rate:CurrencyCode><rate:MonetaryValue>26.38</rate:MonetaryValue></rate:TotalCharges><rate:Weight>50.0</rate:Weight><rate:BillingWeight><rate:UnitOfMeasurement><rate:Code>LBS</rate:Code><rate:Description>Pounds</rate:Description></rate:UnitOfMeasurement><rate:Weight>50.0</rate:Weight></rate:BillingWeight></rate:RatedPackage></rate:RatedShipment></rate:RateResponse></soapenv:Body></soapenv:Envelope>
